{
 "mae": {
  "E": 0.09487843182942016,
  "F": 0.018316836739484726,
  "stress": 0.0001711441852362297
 },
 "rmse": {
  "E": 0.11222098875304842,
  "F": 0.024201044347667226,
  "stress": 0.00025295534294989165
 },
 "R2": {
  "E": 0.9996890651633547,
  "F": 0.9991617639014837,
  "stress": 0.9996875334875859
 }
}